{"cameraMode":{"drawMode":0,"name":"Shaded","section":"Shading Mode"},"sceneLighting":false,"audioPlay":false,"sceneViewState":{"m_AlwaysRefresh":false,"showFog":true,"showSkybox":false,"showFlares":true,"showImageEffects":true,"showParticleSystems":true,"showVisualEffectGraphs":true,"m_FxEnabled":true},"in2DMode":false,"pivot":{"x":-34.439998626708987,"y":0.6689505577087402,"z":47.665000915527347},"rotation":{"x":0.14928166568279267,"y":0.6704045534133911,"z":-0.1404159814119339,"w":0.7131772637367249},"size":1.4140621423721314,"orthographic":true}