{"cameraMode":{"drawMode":0,"name":"Shaded","section":"Shading Mode"},"sceneLighting":true,"audioPlay":false,"sceneViewState":{"m_AlwaysRefresh":false,"showFog":true,"showSkybox":true,"showFlares":true,"showImageEffects":true,"showParticleSystems":true,"showVisualEffectGraphs":true,"m_FxEnabled":true},"in2DMode":false,"pivot":{"x":-38.618919372558597,"y":4.1677141189575199,"z":42.13063430786133},"rotation":{"x":0.015765978023409845,"y":-0.9102753400802612,"z":0.41241025924682619,"w":0.03470231965184212},"size":4.489584922790527,"orthographic":true}