{"cameraMode":{"drawMode":0,"name":"Shaded","section":"Shading Mode"},"sceneLighting":true,"audioPlay":false,"sceneViewState":{"m_AlwaysRefresh":false,"showFog":true,"showSkybox":true,"showFlares":true,"showImageEffects":true,"showParticleSystems":true,"showVisualEffectGraphs":true,"m_FxEnabled":true},"in2DMode":false,"pivot":{"x":8.063925743103028,"y":30.024005889892579,"z":41.705936431884769},"rotation":{"x":0.061694905161857608,"y":-0.8598940968513489,"z":0.4949324429035187,"w":0.1114422157406807},"size":1.4263851642608643,"orthographic":false}