{"cameraMode":{"drawMode":0,"name":"Shaded","section":"Shading Mode"},"sceneLighting":true,"audioPlay":false,"sceneViewState":{"m_AlwaysRefresh":false,"showFog":true,"showSkybox":true,"showFlares":true,"showImageEffects":true,"showParticleSystems":true,"showVisualEffectGraphs":true,"m_FxEnabled":true},"in2DMode":false,"pivot":{"x":-42.384979248046878,"y":4.516208648681641,"z":45.53190231323242},"rotation":{"x":0.11413822323083878,"y":0.8315991163253784,"z":-0.18588924407958985,"w":0.5107763409614563},"size":0.8623687028884888,"orthographic":true}