{"cameraMode":{"drawMode":0,"name":"Shaded","section":"Shading Mode"},"sceneLighting":true,"audioPlay":false,"sceneViewState":{"m_AlwaysRefresh":false,"showFog":true,"showSkybox":true,"showFlares":true,"showImageEffects":true,"showParticleSystems":true,"showVisualEffectGraphs":true,"m_FxEnabled":true},"in2DMode":false,"pivot":{"x":851.3276977539063,"y":531.8969116210938,"z":4.8332061767578129},"rotation":{"x":0.004509600345045328,"y":0.005884467624127865,"z":0.0022616893984377386,"w":1.0002775192260743},"size":538.1578979492188,"orthographic":true}