{"cameraMode":{"drawMode":0,"name":"Shaded","section":"Shading Mode"},"sceneLighting":true,"audioPlay":false,"sceneViewState":{"m_AlwaysRefresh":false,"showFog":true,"showSkybox":true,"showFlares":true,"showImageEffects":true,"showParticleSystems":true,"showVisualEffectGraphs":true,"m_FxEnabled":true},"in2DMode":false,"pivot":{"x":1.1859197616577149,"y":0.2025156021118164,"z":42.231597900390628},"rotation":{"x":0.01429745927453041,"y":0.713336706161499,"z":-0.01454926561564207,"w":0.7006840109825134},"size":3.289228916168213,"orthographic":true}