{"cameraMode":{"drawMode":0,"name":"Shaded","section":"Shading Mode"},"sceneLighting":true,"audioPlay":false,"sceneViewState":{"m_AlwaysRefresh":false,"showFog":true,"showSkybox":true,"showFlares":true,"showImageEffects":true,"showParticleSystems":true,"showVisualEffectGraphs":true,"m_FxEnabled":true},"in2DMode":false,"pivot":{"x":31.791160583496095,"y":21.620555877685548,"z":53.87190628051758},"rotation":{"x":-0.25058335065841677,"y":-0.7078090310096741,"z":0.30058637261390688,"w":-0.5884522199630737},"size":22.269546508789064,"orthographic":false}