{"cameraMode":{"drawMode":0,"name":"Shaded","section":"Shading Mode"},"sceneLighting":true,"audioPlay":false,"sceneViewState":{"m_AlwaysRefresh":false,"showFog":true,"showSkybox":true,"showFlares":true,"showImageEffects":true,"showParticleSystems":true,"showVisualEffectGraphs":true,"m_FxEnabled":true},"in2DMode":false,"pivot":{"x":31.45000457763672,"y":4.714134216308594,"z":-18.499000549316408},"rotation":{"x":0.18645760416984559,"y":0.00026417794288136065,"z":0.0020479822997003795,"w":0.9827855825424194},"size":1.6063166856765748,"orthographic":true}